User ID,Recommendations
sonambajwa,Cinema & Actors/actresses
rafakalimann,Modeling
pablogavi,Sports with a ball
therock,"Cinema & Actors/actresses,Fitness & Gym"
zachking,"Shows,Humor & Fun & Happiness"
krisjenner,"Shows,Beauty"
spacex,"Science,Machinery & Technologies"
anupamaparameswaran96,Cinema & Actors/actresses
soyneiva,Adult content
soycintiacossio,"Modeling,Adult content"
lanarhoades,"Lifestyle,Modeling"
antogriezmann,Sports with a ball
voguemagazine,"Literature & Journalism,Fashion"
demetozdemir,Cinema & Actors/actresses
yuzi_chahal23,"Lifestyle,Sports with a ball"
manurios,Shows
luisitocomunica,"Humor & Fun & Happiness,Clothing & Outfits"
jacobelordi,Cinema & Actors/actresses
avengers,Cinema & Actors/actresses
cocielo,Cinema & Actors/actresses
hrithikroshan,Cinema & Actors/actresses
bernardokath,"Beauty,Cinema & Actors/actresses"
lilyrose_depp,Modeling
netflixbrasil,"Shows,Cinema & Actors/actresses"
hadise,Shows
realmadrid,Sports with a ball
mathildtantot,"Lifestyle,Modeling"
kyrieirving,Sports with a ball
kingjames,Sports with a ball
syifahadjureal,Modeling
jacksepticeye,"Computers & Gadgets,Machinery & Technologies"
snoopdogg,Lifestyle
nayeonyny,Lifestyle
kritisanon,Modeling
hugogloss,"Literature & Journalism,Humor & Fun & Happiness"
donya,Lifestyle
luisasonza,Lifestyle
willsmith,Cinema & Actors/actresses
jackharlow,"Lifestyle,Humor & Fun & Happiness"
nadin_serovski,"Family,Lifestyle"
sunnyleone,"Beauty,Cinema & Actors/actresses"
ranveersingh,"Cinema & Actors/actresses,Modeling"
rohitsharma45,"Sports with a ball,Lifestyle"
reynmen,Cinema & Actors/actresses
khaby00,Sports with a ball
michelleobama,"Finance & Economics,Business & Careers"
mrbeast,"Shows,Humor & Fun & Happiness"
rafaelnadal,Sports with a ball
zendaya,"Cinema & Actors/actresses,Fashion"
rogerfederer,Sports with a ball
vousmevoyez,Cinema & Actors/actresses
kunaguero,Sports with a ball
channingtatum,Cinema & Actors/actresses
kajalaggarwalofficial,Cinema & Actors/actresses
awez_darbar,"Shows,Cinema & Actors/actresses"
karelyruiz,Lifestyle
kareenakapoorkhan,"Family,Cinema & Actors/actresses"
shahinsamadpoor,"Literature & Journalism,Cinema & Actors/actresses"
actorprabhas,"Shows,Cinema & Actors/actresses"
tomholland2013,Cinema & Actors/actresses
cnn,"Shows,Literature & Journalism"
sadiesink_,"Modeling,Lifestyle"
achrafhakimi,Sports with a ball
jamesrodriguez10,Sports with a ball
mingue.k,Lifestyle
tiffanyyoungofficial,"Modeling,Fashion"
dukeandduchessofcambridge,"Family,Finance & Economics"
canelo,Fitness & Gym
jakepaul,Cinema & Actors/actresses
anastasiya_kvitko,"Lifestyle,Modeling"
cobratate,"Lifestyle,Racing Sports"
kendalljenner,"Modeling,Fashion"
lakers,Sports with a ball
alluarjunonline,Cinema & Actors/actresses
juanpazurita,Cinema & Actors/actresses
frenkiedejong,Sports with a ball
ninja,"Computers & Gadgets,Machinery & Technologies"
liverpoolfc,Sports with a ball
piawurtzbach,"Beauty,Modeling"
ho5hi_kwon,Lifestyle
sophiedee,Adult content
emrata,Modeling
liamhemsworth,Cinema & Actors/actresses
lance210,"Cinema & Actors/actresses,Humor & Fun & Happiness"
virgilvandijk,Sports with a ball
ridwankamil,"Literature & Journalism,Business & Careers"
kiaraaliaadvani,Cinema & Actors/actresses
tovinothomas,Cinema & Actors/actresses
romanreigns,Lifestyle
miakhalifa,"Fitness & Gym,Lifestyle"
actorsuriya,Cinema & Actors/actresses
yasminabdelaziz_,Cinema & Actors/actresses
becaa_barreto,Lifestyle
leaelui,"Modeling,Lifestyle"
marimaria,Beauty
tommyinnit,"Shows,Cinema & Actors/actresses"
d_degeaofficial,Sports with a ball
maitreyiramakrishnan,"Photography,Cinema & Actors/actresses"
kimkardashian,"Fashion,Beauty"
tatawerneck,"Cinema & Actors/actresses,Family"
perrieedwards,Modeling
leomessi,"Sports with a ball,Family"
houseofhighlights,Sports with a ball
jenniferwinget1,Cinema & Actors/actresses
actor_jg,Cinema & Actors/actresses
l7nnon,Lifestyle
adamsandler,Cinema & Actors/actresses
mancity,Sports with a ball
yefersoncossio,Lifestyle
hegdepooja,Cinema & Actors/actresses
paulwalker,Cinema & Actors/actresses
t22felton,Cinema & Actors/actresses
andressasuita,Modeling
indiancricketteam,Sports with a ball
lacikaysomers,Modeling
thenameisyash,Cinema & Actors/actresses
harshasai_,Shows
ms_puiyi,Adult content
larissamanoela,Cinema & Actors/actresses
sinavaliollah,Shows
shaq,"Humor & Fun & Happiness,Sports with a ball"
miguel.g.herran,Cinema & Actors/actresses
geneliad,Cinema & Actors/actresses
ananyapanday,Cinema & Actors/actresses
alidaei,Sports with a ball
aliiiiiiiikarimi8,Sports with a ball
virat.kohli,Sports with a ball
lewishamilton,Racing Sports
rubyrose,Modeling
wi__wi__wi,Lifestyle
alfinetei,Humor & Fun & Happiness
soueunavida,Humor & Fun & Happiness
gatenm123,"Cinema & Actors/actresses,Fashion"
abdevilliers17,"Sports with a ball,Lifestyle"
porsche,Cars & Motorbikes
gianlucavacchi,Lifestyle
rachel_mypark,Cinema & Actors/actresses
nidhhiagerwal,"Cinema & Actors/actresses,Modeling"
chaelincl,"Fashion,Modeling"
k.mbappe,Sports with a ball
kimberly.loaiza,"Clothing & Outfits,Lifestyle"
enhypen,Lifestyle
arigameplays,"Lifestyle,Cinema & Actors/actresses"
urassayas,"Cinema & Actors/actresses,Modeling"
obj,Sports with a ball
apple,"Computers & Gadgets,Photography"
riteishd,Cinema & Actors/actresses
vinniehacker,Lifestyle
jamorant,"Winter sports,Sports with a ball"
jessicajane99,"Shows,Modeling"
toni.kr8s,Sports with a ball
yugyeom,Cinema & Actors/actresses
nehasharmaofficial,Cinema & Actors/actresses
i_nivethathomas,Cinema & Actors/actresses
valentinazenere,"Modeling,Lifestyle"
junhui_moon,Lifestyle
gun_atthaphan,Lifestyle
choquei,Literature & Journalism
nessabarrett,Lifestyle
candiceking,"Family,Lifestyle"
dew_jsu,"Beauty,Lifestyle"
jayshetty,"Literature & Journalism,Trainers & Coaches"
phs1116,Business & Careers
sophiet,Cinema & Actors/actresses
alexadellanos,Lifestyle
angelrai07,Cinema & Actors/actresses
flay,Lifestyle
danielricciardo,Racing Sports
ana_d_armas,Cinema & Actors/actresses
xsqueezie,Lifestyle
klarafgcastanho,Cinema & Actors/actresses
iamsrk,Cinema & Actors/actresses
karolsevillaofc,Cinema & Actors/actresses
yejinhand,Cinema & Actors/actresses
hi_sseulgi,Modeling
theamitbhadana,Shows
drewstarkey,Cinema & Actors/actresses
juliabarretto,"Cinema & Actors/actresses,Lifestyle"
golfarahani,Cinema & Actors/actresses
hoooooyeony,Lifestyle
nct_dream,"Modeling,Fashion"
cvillaloboss,"Shows,Cinema & Actors/actresses"
taeoxo_nct,Lifestyle
marktuan,"Cinema & Actors/actresses,Modeling"
kun11xd,Lifestyle
manchesterunited,Sports with a ball
iamzlatanibrahimovic,Sports with a ball
fuckjerry,Humor & Fun & Happiness
umutisler,Food & Cooking
cbum,Fitness & Gym
espn,Sports with a ball
alvaromorata,"Sports with a ball,Literature & Journalism"
egupta,"Lifestyle,Cinema & Actors/actresses"
pefabiodemelo,Lifestyle
therealjosephmorgan,"Cinema & Actors/actresses,Lifestyle"
corinnakopf,Beauty
demirose,"Modeling,Lifestyle"
michelle_lewin,Fitness & Gym
barbieferreira,Cinema & Actors/actresses
missasinfonia,Cinema & Actors/actresses
dishapatani,"Cinema & Actors/actresses,Lifestyle"
sthefanematos,Lifestyle
supercarblondie,Cars & Motorbikes
39saku_chan,"Lifestyle,Cinema & Actors/actresses"
narins_beauty,Lifestyle
henrycavill,Cinema & Actors/actresses
chelseafc,Sports with a ball
khloekardashian,"Clothing & Outfits,Lifestyle"
brentrivera,Cinema & Actors/actresses
todayis_wendy,Lifestyle
riyadmahrez26.7,Sports with a ball
onyourm__ark,Lifestyle
sachintendulkar,"Sports with a ball,Lifestyle"
iammichelemorroneofficial,"Lifestyle,Cinema & Actors/actresses"
klrahul,Sports with a ball
o.dembele7,Sports with a ball
amybethmcnulty,"Lifestyle,Cinema & Actors/actresses"
timatiofficial,"Fitness & Gym,Lifestyle"
beautifuldestinations,"Photography,Travel"
elrubiuswtf,Computers & Gadgets
angeldimariajm,Sports with a ball
liltjay,Lifestyle
ahmedabohashima,"Business & Careers,Finance & Economics"
iamcardib,Fashion
nikkietutorials,Beauty
raashiikhanna,Cinema & Actors/actresses
m.by__sana,Lifestyle
baifernbah,Lifestyle
rishabpant,"Lifestyle,Sports with a ball"
sincerooficial,Humor & Fun & Happiness
aron.piper,Lifestyle
madelame,Cinema & Actors/actresses
urvashirautela,Cinema & Actors/actresses
selenagomez,Lifestyle
marcusrashford,Sports with a ball
f1,Racing Sports
dovecameron,Cinema & Actors/actresses
whinderssonnunes,Humor & Fun & Happiness
naisaalifiayuriza,Lifestyle
ginaindelicada,Humor & Fun & Happiness
kapilsharma,"Cinema & Actors/actresses,Shows"
dagelan,Humor & Fun & Happiness
marioruiz,Lifestyle
chaeyo.0,Lifestyle
huddy,Lifestyle
mosalah,Sports with a ball
nameisnani,"Humor & Fun & Happiness,Cinema & Actors/actresses"
elliotpage,Cinema & Actors/actresses
yamigautam,Cinema & Actors/actresses
alexandradaddario,Cinema & Actors/actresses
casemiro,Sports with a ball
amadorat,"Fashion,Lifestyle"
anthonyjoshua,Fitness & Gym
bn_sj2013,"Cinema & Actors/actresses,Modeling"
juki_lop,"Shows,Family"
charlidamelio,"Lifestyle,Shows"
perspolis,Sports with a ball
dbook,"Lifestyle,Sports with a ball"
hardikpandya93,Sports with a ball
eminem,Cinema & Actors/actresses
ronaldinho,Sports with a ball
skuukzky,Clothing & Outfits
navidmohammadzadeh,Cinema & Actors/actresses
yooncy1,Lifestyle
arsenal,Sports with a ball
fuji_an,Lifestyle
joeyking,"Cinema & Actors/actresses,Modeling"
ester_exposito,Cinema & Actors/actresses
keerthysureshofficial,"Beauty,Cinema & Actors/actresses"
realhinakhan,Cinema & Actors/actresses
mb459,Sports with a ball
caradelevingne,"Modeling,Cinema & Actors/actresses"
goar_avetisyan,Beauty
nasa,"Science,Photography"
juandediospantoja,Cinema & Actors/actresses
_imyour_joy,Lifestyle
julesleblanc,Shows
nabilla,Beauty
georginagio,"Lifestyle,Fashion"
itsmarziapie,"Beauty,Lifestyle"
loud_victor,"Lifestyle,Sports with a ball"
maxverstappen1,Racing Sports
haniaheheofficial,"Beauty,Lifestyle"
dacremontgomery,Cinema & Actors/actresses
zacefron,Cinema & Actors/actresses
thedeverakonda,Cinema & Actors/actresses
for_everyoung10,Lifestyle
alexis_officia1,Sports with a ball
championsleague,Sports with a ball
jaydacheaves,Clothing & Outfits
nita_shilimkar,"Lifestyle,Fashion"
sidmalhotra,"Cinema & Actors/actresses,Modeling"
kevindebruyne,Sports with a ball
jannatzubair29,Cinema & Actors/actresses
addisonraee,Beauty
briandadeyanara,Lifestyle
kyliejenner,"Fashion,Modeling"
_abu_saalim_,"Photography,Cinema & Actors/actresses"
amauryguichon,Food & Cooking
lizzobeeating,"Lifestyle,Cinema & Actors/actresses"
jennifer.garner,Cinema & Actors/actresses
raffinagita1717,Shows
_irishbella_,Cinema & Actors/actresses
allusnehareddy,Travel
borodylia,"Shows,Family"
jongsuk0206,Cinema & Actors/actresses
heybiblee,Modeling
jeonghaniyoo_n,Lifestyle
rashmika_mandanna,"Beauty,Cinema & Actors/actresses"
sonu_sood,Cinema & Actors/actresses
jordynwoods,"Modeling,Lifestyle"
eunwo.o_c,Lifestyle
imhyoseop,Lifestyle
paollaoliveirareal,"Cinema & Actors/actresses,Lifestyle"
tohi,Lifestyle
veradijkmans,Adult content
icc,Sports with a ball
felipeneto,Lifestyle
davidalaba,Sports with a ball
jeremyrenner,"Shows,Cinema & Actors/actresses"
matue,"Lifestyle,Sports with a ball"
madelyncline,Cinema & Actors/actresses
bbrightvc,Cinema & Actors/actresses
ross_lynch,Cinema & Actors/actresses
ncentineo,Cinema & Actors/actresses
bleacherreport,Sports with a ball
camilacoelho,Shows
melo,"Lifestyle,Sports with a ball"
jscmila,"Beauty,Modeling"
burakozcivit,Cinema & Actors/actresses
alwaysramcharan,Cinema & Actors/actresses
beingsalmankhan,Cinema & Actors/actresses
prattprattpratt,Cinema & Actors/actresses
maya_hawke,Cinema & Actors/actresses
sportscenter,"Sports with a ball,Shows"
naileadevora,Lifestyle
memphisdepay,Sports with a ball
kashikakapoor09,"Beauty,Lifestyle"
asabopp,Cinema & Actors/actresses
gucci,"Accessories & Jewellery,Clothing & Outfits"
robertdowneyjr,Cinema & Actors/actresses
priyankachopra,Cinema & Actors/actresses
iamferv,Lifestyle
bugatti,"Cars & Motorbikes,Luxury"
canyaman,"Cinema & Actors/actresses,Modeling"
emilia_clarke,Cinema & Actors/actresses
cznburak,Food & Cooking
dntlrdl,Lifestyle
rizkybillar,"Shows,Beauty"
simonettalein,"Beauty,Cinema & Actors/actresses"
vindiesel,Cinema & Actors/actresses
wow_kimsohyun,"Cinema & Actors/actresses,Modeling"
emmawatson,"Literature & Journalism,Cinema & Actors/actresses"
larasilva,"Shows,Adult content"
iqbaal.e,Cinema & Actors/actresses
arishfakhan138,Cinema & Actors/actresses
barackobama,"Finance & Economics,Business & Careers"
aslisona,"Cinema & Actors/actresses,Lifestyle"
troyesivan,"Fashion,Modeling"
kingbach,"Cinema & Actors/actresses,Modeling"
mccabelinho,Lifestyle
taylor_hill,"Fashion,Modeling"
jimmyfallon,"Shows,Humor & Fun & Happiness"
danialves,Sports with a ball
trentarnold66,"Lifestyle,Sports with a ball"
milliebobbybrown,Cinema & Actors/actresses
giannis_an34,Sports with a ball
paulpogba,Sports with a ball
francety,Adult content
justintimberlake,Cinema & Actors/actresses
carryminati,"Computers & Gadgets,Machinery & Technologies"
easportsfifa,Sports with a ball
yellow_3to3,Lifestyle
domelipa,Lifestyle
adidasfootball,Sports with a ball
miamalkova,Cinema & Actors/actresses
gongyoo_official,Lifestyle
chrishemsworth,Cinema & Actors/actresses
anyataylorjoy,"Modeling,Cinema & Actors/actresses"
colesprouse,Modeling
beberexha,Lifestyle
natgeo,"Nature & landscapes,Science"
mohanshakti,Cinema & Actors/actresses
brfootball,Sports with a ball
pubity,Humor & Fun & Happiness
juventus,Sports with a ball
ursulolita,"Cinema & Actors/actresses,Modeling"
imsebastianstan,"Shows,Cinema & Actors/actresses"
davidluiz23,Sports with a ball
mr_faisu_07,"Modeling,Cinema & Actors/actresses"
virginia,"Shows,Lifestyle"
carlinhosmaiaof,Lifestyle
gisele,"Modeling,Fashion"
jordialbaoficial,Sports with a ball
jichangwook,Cinema & Actors/actresses
dixiedamelio,Clothing & Outfits
brunamarquezine,Cinema & Actors/actresses
kimjuncotton,Lifestyle
bellahadid,Modeling
euphoria,"Photography,Cinema & Actors/actresses"
alishalehmann7,Sports with a ball
antonelaroccuzzo,"Modeling,Family"
ozgecangurelofficial,Cinema & Actors/actresses
aishwaryaraibachchan_arb,Cinema & Actors/actresses
tchalamet,Cinema & Actors/actresses
pewdiepie,Computers & Gadgets
wdohwan,Cinema & Actors/actresses
agustd,Lifestyle
vancityreynolds,Cinema & Actors/actresses
vanessahudgens,Cinema & Actors/actresses
nazriyafahadh,"Lifestyle,Cinema & Actors/actresses"
phil.coutinho,Sports with a ball
kaka,Sports with a ball
hm_son7,Sports with a ball
hannahelzahed,Cinema & Actors/actresses
adamweitsman,Business & Careers
xxxibgdrgn,"Photography,Fashion"
subo_m,Shows
lacasadepapel,"Cinema & Actors/actresses,Shows"
shraddhakapoor,Cinema & Actors/actresses
433,Sports with a ball
marvelstudios,Cinema & Actors/actresses
riyaz.14,Lifestyle
_seorina,"Lifestyle,Cinema & Actors/actresses"
staceysolomon,Family
alissaviolet,Modeling
bmw,Cars & Motorbikes
dra.deolanebezerra,"Beauty,Lifestyle"
andreavaldirisos,"Lifestyle,Beauty"
vickykaushal09,"Lifestyle,Cinema & Actors/actresses"
filiperet,"Lifestyle,Photography"
nike,"Fitness & Gym,Shopping & Retail"
sofiacarson,Cinema & Actors/actresses
tontawan,"Beauty,Lifestyle"
parishilton,Modeling
playstation,Computers & Gadgets
_chaechae_1,Lifestyle
aleoliveiracm,Humor & Fun & Happiness
fortnite,Computers & Gadgets
johnnyjsuh,Lifestyle
neslihanatagul,"Cinema & Actors/actresses,Modeling"
warriors,"Lifestyle,Sports with a ball"
_hakkencoser_,"Photography,Modeling"
gigihadid,"Modeling,Lifestyle"
marcelotwelve,Sports with a ball
fifaworldcup,Sports with a ball
paulodybala,Sports with a ball
marinaruybarbosa,Cinema & Actors/actresses
galatasaray,Sports with a ball
optimushwang,Lifestyle
_zyozyo,Lifestyle
ishowspeed,Lifestyle
ashishchanchlani,Cinema & Actors/actresses
tejasswiprakash,"Fashion,Beauty"
dylanminnette,Cinema & Actors/actresses
djokernole,Sports with a ball
9gag,Humor & Fun & Happiness
lizakoshy,Cinema & Actors/actresses
bellapoarch,Lifestyle
landonorris,"Racing Sports,Cars & Motorbikes"
ashleygraham,Modeling
johnnydepp,Cinema & Actors/actresses
dorra_zarrouk,"Cinema & Actors/actresses,Fashion"
sergiroberto,Sports with a ball
shxxbi131,Lifestyle
avrillavigne,"Cinema & Actors/actresses,Fashion"
moneybaggyo,Lifestyle
oliviarodrigo,Cinema & Actors/actresses
akshaykumar,Cinema & Actors/actresses
memezar,Cinema & Actors/actresses
dk_is_dokyeom,Lifestyle
sooyaaa__,Beauty
jennaortega,"Cinema & Actors/actresses,Lifestyle"
ykaaar,Cinema & Actors/actresses
maneskinofficial,"Modeling,Cinema & Actors/actresses"
garethbale11,Sports with a ball
jenna_chew,Fitness & Gym
sabinahidalgo,Lifestyle
nba,Sports with a ball
m_kayoung,Cinema & Actors/actresses
m10_official,Sports with a ball
nina,Cinema & Actors/actresses
seojuhyun_s,Cinema & Actors/actresses
lynaritaa,Lifestyle
alvxaro,Lifestyle
priyankaamohanofficial,"Photography,Lifestyle"
riaricis1795,Lifestyle
netflix,"Cinema & Actors/actresses,Shows"
sav.labrant,"Family,Lifestyle"
neymarjr,Sports with a ball
marvel,"Cinema & Actors/actresses,Shows"
katrinakaif,Beauty
bowerjamie,Cinema & Actors/actresses
shikhardofficial,Sports with a ball
hassan_reyvandi,"Cinema & Actors/actresses,Humor & Fun & Happiness"
haileesteinfeld,Cinema & Actors/actresses
fcbayern,Sports with a ball
dindahw,Cinema & Actors/actresses
markruffalo,Cinema & Actors/actresses
joerogan,"Humor & Fun & Happiness,Cinema & Actors/actresses"
_rl9,Sports with a ball
erling.haaland,"Lifestyle,Sports with a ball"
xeesoxee,Lifestyle
evaluna,Family
yoona__lim,Cinema & Actors/actresses
sadiomaneofficiel,Sports with a ball
haileybieber,"Lifestyle,Modeling"
jessica.syj,"Modeling,Beauty"
ms.sethii,Modeling
smriti_mandhana,Sports with a ball
daquan,Humor & Fun & Happiness
imouniroy,Cinema & Actors/actresses
rohittt_09_,"Shows,Lifestyle"
davidbeckham,"Family,Sports with a ball"
gessicakayane,"Shows,Humor & Fun & Happiness"
bretmanrock,Beauty
nianaguerrero,Kids & Toys
davikah,Modeling
madhuridixitnene,Cinema & Actors/actresses
reesewitherspoon,Cinema & Actors/actresses
miketyson,Fitness & Gym
keyshiakaoir,Fitness & Gym
nusr_et,Food & Cooking
annakendrick47,Cinema & Actors/actresses
parineetichopra,Cinema & Actors/actresses
blythe,"Cinema & Actors/actresses,Modeling"
natashawilona12,Beauty
caviarmagnat,Lifestyle
ladygaga,Cinema & Actors/actresses
valeyellow46,Racing Sports
twicetagram,Modeling
noahschnapp,Cinema & Actors/actresses
hannahstocking,Modeling
sommerray,Modeling
shehnaazgill,Cinema & Actors/actresses
jeromepolin,"Education,Humor & Fun & Happiness"
leeyoum262,Lifestyle
pedri,Sports with a ball
thenotoriousmma,Fitness & Gym
watanabenaomi703,"Cinema & Actors/actresses,Humor & Fun & Happiness"
kourtneykardash,Lifestyle
sidhu_moosewala,Lifestyle
dejesusoficial,Sports with a ball
strangerthingstv,"Cinema & Actors/actresses,Shows"
realbarbarapalvin,"Modeling,Fashion"
kehlani,Family
actorleeminho,Cinema & Actors/actresses
klaythompson,"Sports with a ball,Lifestyle"
onwardwanna,"Lifestyle,Cinema & Actors/actresses"
rockstargames,Cars & Motorbikes
victoriajustice,"Cinema & Actors/actresses,Modeling"
kyo1122,Cinema & Actors/actresses
lamborghini,"Luxury,Cars & Motorbikes"
kit.connor,"Cinema & Actors/actresses,Humor & Fun & Happiness"
salmahayek,Cinema & Actors/actresses
lucasranngel,Lifestyle
larray,"Lifestyle,Modeling"
kjapa,Cinema & Actors/actresses
violets.tv,Adult content
jacquelinef143,Cinema & Actors/actresses
aliaabhatt,Cinema & Actors/actresses
ssinz7,Cinema & Actors/actresses
grantgust,"Cinema & Actors/actresses,Fashion"
skaijackson,Lifestyle
theshilpashetty,Cinema & Actors/actresses
luissuarez9,Sports with a ball
clean_0828,Lifestyle
jailyneojeda,"Modeling,Lifestyle"
chloegmoretz,Cinema & Actors/actresses
viihtube,Cinema & Actors/actresses
momo,Lifestyle
ronaldo,Sports with a ball
saweetie,Cinema & Actors/actresses
silambarasantrofficial,"Shows,Lifestyle"
noorstars,Shows
rezagolzar,Cinema & Actors/actresses
deepikapadukone,Cinema & Actors/actresses
amandacerny,Humor & Fun & Happiness
nashgrier,"Lifestyle,Modeling"
thehughjackman,Cinema & Actors/actresses
yihyun_1208,Lifestyle
anushkasen0408,Cinema & Actors/actresses
lilireinhart,Cinema & Actors/actresses
jessnolimit,Shows
beyonce,Fashion
samoylovaoxana,"Family,Lifestyle"
lexibrookerivera,"Shows,Humor & Fun & Happiness"
courteneycoxofficial,Cinema & Actors/actresses
snejanaonopka15,Modeling
nicholasgalitzine,Cinema & Actors/actresses
saipallavi.senthamarai,Cinema & Actors/actresses
c.syresmith,"Cinema & Actors/actresses,Lifestyle"
thiagosilva,Sports with a ball
peytonlist,Cinema & Actors/actresses
srinidhi_shetty,"Beauty,Cinema & Actors/actresses"
sooyoungchoi,"Beauty,Lifestyle"
anjimaxuofficially,"Lifestyle,Cinema & Actors/actresses"
kawtarbamo,Cinema & Actors/actresses
sergioramos,Sports with a ball
shaymitchell,"Beauty,Family"
jairmessiasbolsonaro,"Finance & Economics,Business & Careers"
dqsalmaan,Cinema & Actors/actresses
ederbez,"Cinema & Actors/actresses,Lifestyle"
theellenshow,"Shows,Cinema & Actors/actresses"
chrisevans,Cinema & Actors/actresses
mario_houses,"Modeling,Cinema & Actors/actresses"
ler_chek,"Lifestyle,Beauty"
tigerjackieshroff,Cinema & Actors/actresses
charles_leclerc,Racing Sports
jlo,Cinema & Actors/actresses
fadiljaidi,Lifestyle
iampauloandre,"Photography,Lifestyle"
avneetkaur_13,Cinema & Actors/actresses
saraalikhan95,Cinema & Actors/actresses
nikefootball,"Sports with a ball,Clothing & Outfits"
dkharbour,Cinema & Actors/actresses
zoeisabellakravitz,Cinema & Actors/actresses
sanchooo10,Sports with a ball
gal_gadot,Cinema & Actors/actresses
dylansprouse,Cinema & Actors/actresses
sonamkapoor,"Fashion,Modeling"
shahidkapoor,Cinema & Actors/actresses
stephencurry30,"Sports with a ball,Family"
catherinemcbroom,Family
tarasutaria,Cinema & Actors/actresses
fedevalverde,Sports with a ball
phoebejtonkin,"Beauty,Cinema & Actors/actresses"
loganpaul,Fitness & Gym
hshq,"Cinema & Actors/actresses,Fashion"
sofia9__official,"Lifestyle,Cinema & Actors/actresses"
prideofgypsies,Cinema & Actors/actresses
greeicy,"Shows,Cinema & Actors/actresses"
aycaaysinturan,Cinema & Actors/actresses
attahalilintar,Shows
iiqraaziz,"Beauty,Modeling"
sarahhyland,"Cinema & Actors/actresses,Lifestyle"
leonardodicaprio,Cinema & Actors/actresses
jenniferaniston,Cinema & Actors/actresses
varundvn,Cinema & Actors/actresses
emmachamberlain,"Lifestyle,Shows"
kyliecosmetics,"Beauty,Shopping & Retail"
adrianalima,"Modeling,Fashion"
blakelively,Cinema & Actors/actresses
julienco_,"Lifestyle,Family"
jackblack,Cinema & Actors/actresses
norafatehi,"Cinema & Actors/actresses,Shows"
oprah,"Cinema & Actors/actresses,Shows"
fabriziorom,"Literature & Journalism,Shows"
vanessalopesr_,Lifestyle
tamannaahspeaks,Cinema & Actors/actresses
lilyachty,"Humor & Fun & Happiness,Lifestyle"
narendramodi,"Finance & Economics,Business & Careers"
anushkasharma,Cinema & Actors/actresses
earthpix,"Nature & landscapes,Photography"
floydmayweather,Fitness & Gym
do0_nct,Lifestyle
juliette,Cinema & Actors/actresses
lilyjcollins,Cinema & Actors/actresses
strangehuman,Lifestyle
yasmine_sabri,"Cinema & Actors/actresses,Lifestyle"
superstar_dewasi99,Cinema & Actors/actresses
florencepugh,"Humor & Fun & Happiness,Cinema & Actors/actresses"
burcuozberk,Cinema & Actors/actresses
chrissyteigen,"Shows,Modeling"
araikgalstyanmoscowschool,Beauty
kevinhart4real,Cinema & Actors/actresses
aliandooo,Cinema & Actors/actresses
yerimiese,Lifestyle
eilirjani,Adult content
dhanashree9,"Lifestyle,Cinema & Actors/actresses; Shows"
thibautcourtois,Sports with a ball
willyrex,Shows
khabib_nurmagomedov,Fitness & Gym
joesthetics,Fitness & Gym
sandrinna_11,Lifestyle
willevy,"Shows,Cinema & Actors/actresses"
prillylatuconsina96,Cinema & Actors/actresses
kingarturo23oficial,Sports with a ball
amitabhbachchan,Cinema & Actors/actresses
pokimanelol,"Lifestyle,Shows"
jadepicon,"Modeling,Fashion"
samsmith,Fashion
mirandacosgrove,"Cinema & Actors/actresses,Lifestyle"
farhaddddddd,Sports with a ball
lizasoberano,"Beauty,Cinema & Actors/actresses"
jaspritb1,"Lifestyle,Sports with a ball"
handemiyy,Cinema & Actors/actresses
andresiniesta8,Sports with a ball
zidane,Sports with a ball
camimendes,Cinema & Actors/actresses
luvadepedreiro,"Family,Sports with a ball"
ratantata,Business & Careers
dhanushkraja,Cinema & Actors/actresses
winmetawin,Lifestyle
urstrulymahesh,Cinema & Actors/actresses
aurelie.hermansyah,Beauty
iscoalarcon,Sports with a ball
laurenlondon,"Cinema & Actors/actresses,Modeling"
vinijr,"Sports with a ball,Lifestyle"
sofiaalcastro,"Shows,Cinema & Actors/actresses"
harrystyles,Fashion
schwarzenegger,"Cinema & Actors/actresses,Fitness & Gym"
asala,Shows
natalee.007,Modeling
lizgillz,Cinema & Actors/actresses
premierleague,Sports with a ball
fcbarcelona,Sports with a ball
janhvikapoor,"Lifestyle,Cinema & Actors/actresses"
instagram,Photography
francinyehlke,Beauty
cristiano,Sports with a ball
lukamodric10,Sports with a ball
madisonbaileybabe,"Lifestyle,Cinema & Actors/actresses"
antony00,Sports with a ball
bhuvan.bam22,Cinema & Actors/actresses
kingryan,Fitness & Gym
sydney_sweeney,"Lifestyle,Cinema & Actors/actresses"
michaelbjordan,Cinema & Actors/actresses
leedongwook_official,Cinema & Actors/actresses
faz3,Lifestyle
finnwolfhardofficial,Cinema & Actors/actresses
nattinatasha,Cinema & Actors/actresses
evcenf,"Lifestyle,Beauty"
pozevidalouca,Lifestyle
ansufati,"Sports with a ball,Winter sports"
karimbenzema,Sports with a ball
letthelordbewithyou,"Lifestyle,Family"
felicyangelista_,Family
auba,Sports with a ball
chiaraferragni,Beauty
hichasestokes,"Humor & Fun & Happiness,Lifestyle"
emmaroberts,Cinema & Actors/actresses
iansomerhalder,Cinema & Actors/actresses
diljitdosanjh,Cinema & Actors/actresses
rkive,Lifestyle
jokowi,Finance & Economics
kartikaaryan,Cinema & Actors/actresses
sureshraina3,Modeling
zo,Sports with a ball
juansguarnizo,Lifestyle
shivangijoshi18,Lifestyle
psg,Sports with a ball
centralcee,Lifestyle
min.nicha,Lifestyle
deiveleonardo,"Literature & Journalism,Trainers & Coaches"
